Rad nr;DOM-tid (ms)
1;288
2;334
3;342
4;315
5;378
6;244
7;251
8;240
9;289
10;305
11;242
12;243
13;237
14;261
15;333
16;344
17;579
18;311
19;261
20;240
21;270
22;319
23;238
24;247
25;260
26;348
27;232
28;234
29;234
30;257
31;235
32;235
33;272
34;236
35;262
36;237
37;231
38;228
39;265
40;224
41;255
42;252
43;260
44;233
45;261
46;234
47;245
48;519
49;239
50;239
51;252
52;237
53;230
54;242
55;225
56;248
57;249
58;239
59;245
60;221
61;267
62;227
63;257
64;227
65;338
66;237
67;238
68;271
69;222
70;273
71;260
72;251
73;229
74;245
75;251
76;251
77;250
78;262
79;237
80;222
81;281
82;233
83;243
84;269
85;242
86;268
87;232
88;232
89;280
90;217
91;532
92;255
93;257
94;252
95;237
96;247
97;261
98;232
99;253
100;246
101;274
102;229
103;245
104;235
105;269
106;258
107;264
108;238
109;246
110;247
111;247
112;256
113;239
114;368
115;269
116;245
117;267
118;257
119;240
120;265
121;229
122;274
123;232
124;259
125;249
126;246
127;240
128;254
129;241
130;260
131;252
132;248
133;275
134;235
135;251
136;383
137;243
138;242
139;248
140;278
141;458
142;251
143;239
144;262
145;250
146;293
147;217
148;257
149;289
150;240
151;230
152;251
153;233
154;261
155;249
156;252
157;241
158;233
159;254
160;370
161;241
162;235
163;275
164;230
165;249
166;252
167;228
168;265
169;265
170;237
171;260
172;239
173;253
174;226
175;236
176;278
177;245
178;246
179;223
180;250
181;248
182;262
183;236
184;237
185;257
186;249
187;266
188;232
189;279
190;243
191;233
192;241
193;290
194;260
195;247
196;273
197;249
198;262
199;248
200;242
201;241
202;236
203;231
204;262
205;222
206;264
207;240
208;241
209;261
210;256
211;253
212;377
213;254
214;450
215;251
216;236
217;294
218;236
219;266
220;230
221;255
222;231
223;247
224;243
225;246
226;251
227;268
228;231
229;264
230;257
231;244
232;270
233;256
234;230
235;247
236;235
237;268
238;226
239;249
240;245
241;257
242;269
243;271
244;232
245;284
246;247
247;371
248;257
249;255
250;250
251;247
252;235
253;267
254;257
255;237
256;243
257;269
258;394
259;242
260;237
261;338
262;249
263;238
264;256
265;245
266;272
267;289
268;269
269;254
270;235
271;261
272;242
273;276
274;235
275;242
276;286
277;254
278;263
279;241
280;247
281;243
282;239
283;270
284;259
285;267
286;248
287;267
288;238
289;287
290;237
291;383
292;250
293;255
294;234
295;261
296;241
297;272
298;242
299;254
300;238
301;257
302;242
303;248
304;254
305;246
306;247
307;250
308;234
309;269
310;246
311;268
312;234
313;235
314;236
315;269
316;247
317;318
318;247
319;273
320;247
321;252
322;250
323;254
324;247
325;286
326;249
327;263
328;250
329;280
330;246
331;256
332;244
333;271
334;255
335;241
336;244
337;277
338;268
339;261
340;267
341;295
342;278
343;281
344;228
345;277
346;239
347;243
348;233
349;251
350;239
351;274
352;262
353;249
354;261
355;253
356;250
357;254
358;280
359;241
360;244
361;244
362;257
363;245
364;471
365;246
366;268
367;276
368;260
369;254
370;260
371;241
372;265
373;256
374;266
375;249
376;247
377;284
378;243
379;257
380;249
381;265
382;243
383;246
384;264
385;248
386;273
387;238
388;255
389;248
390;249
391;246
392;265
393;321
394;239
395;258
396;241
397;245
398;251
399;246
400;256
401;231
402;250
403;251
404;243
405;275
406;240
407;237
408;267
409;279
410;249
411;371
412;267
413;278
414;246
415;254
416;240
417;267
418;245
419;254
420;245
421;267
422;242
423;258
424;235
425;286
426;251
427;244
428;263
429;245
430;239
431;254
432;251
433;261
434;224
435;238
436;250
437;234
438;293
439;244
440;250
441;258
442;283
443;238
444;242
445;260
446;251
447;266
448;250
449;258
450;245
451;250
452;242
453;235
454;277
455;241
456;290
457;247
458;271
459;241
460;248
461;253
462;287
463;227
464;248
465;293
466;230
467;268
468;259
469;278
470;241
471;276
472;239
473;274
474;236
475;256
476;233
477;280
478;243
479;271
480;236
481;277
482;282
483;259
484;255
485;262
486;289
487;244
488;246
489;253
490;271
491;261
492;241
493;284
494;238
495;245
496;290
497;279
498;239
499;253
500;244